{
  "timestamp": "2025-08-05T17:33:20",
  "reference_file": "KernelBench/level1/8_Matmul_with_irregular_shapes_.py",
  "candidate_file": "/home/wan00559/cuda_mind_evolution/runs/20250805_171039/kernels/kernel_20250805_172258.py",
  "tolerance": 0.0001,
  "max_abs_err": 0.0,
  "mean_abs_err": 0.0,
  "ref_latency_ms": {
    "avg": 5.393270421028137,
    "min": 5.384191989898682,
    "max": 5.470911979675293
  },
  "test_latency_ms": {
    "avg": 29.64856300354004,
    "min": 29.485023498535156,
    "max": 29.96291160583496
  },
  "num_runs": 20,
  "score": 0.18190663811882485
}