{
  "timestamp": "2025-08-05T15:10:39",
  "reference_file": "KernelBench/level1/8_Matmul_with_irregular_shapes_.py",
  "candidate_file": "/home/wan00559/cuda_mind_evolution/runs/20250805_130613/kernels/kernel_20250805_151038.py",
  "tolerance": 0.0001,
  "max_abs_err": 0.0,
  "mean_abs_err": 0.0,
  "ref_latency_ms": {
    "avg": 5.21147518157959,
    "min": 4.909664154052734,
    "max": 5.40064001083374
  },
  "test_latency_ms": {
    "avg": 31.642243099212646,
    "min": 31.480640411376953,
    "max": 31.82988739013672
  },
  "num_runs": 20,
  "score": 0.16469992867570335
}