{
  "timestamp": "2025-08-06T00:31:50",
  "reference_file": "KernelBench/level1/8_Matmul_with_irregular_shapes_.py",
  "candidate_file": "/home/wan00559/cuda_mind_evolution/runs/20250805_171039/kernels/kernel_20250806_003021.py",
  "tolerance": 0.0001,
  "max_abs_err": 6.103515625e-05,
  "mean_abs_err": 4.547473508864641e-11,
  "ref_latency_ms": {
    "avg": 4.821430397033692,
    "min": 4.356448173522949,
    "max": 5.007359981536865
  },
  "test_latency_ms": {
    "avg": 853.6544342041016,
    "min": 849.0829467773438,
    "max": 856.1278076171875
  },
  "num_runs": 20,
  "score": 0.005647988464476164
}