{
  "timestamp": "2025-08-05T17:39:00",
  "reference_file": "KernelBench/level1/8_Matmul_with_irregular_shapes_.py",
  "candidate_file": "/home/wan00559/cuda_mind_evolution/runs/20250805_171039/kernels/kernel_20250805_173757.py",
  "tolerance": 0.0001,
  "max_abs_err": 0.0,
  "mean_abs_err": 0.0,
  "ref_latency_ms": {
    "avg": 5.391312026977539,
    "min": 5.384607791900635,
    "max": 5.4620161056518555
  },
  "test_latency_ms": {
    "avg": 30.28456792831421,
    "min": 30.126911163330078,
    "max": 30.466272354125977
  },
  "num_runs": 20,
  "score": 0.1780217581356673
}