{
  "timestamp": "2025-08-06T08:08:24",
  "reference_file": "KernelBench/level1/8_Matmul_with_irregular_shapes_.py",
  "candidate_file": "/home/wan00559/cuda_mind_evolution/runs/20250805_171039/kernels/kernel_20250806_080656.py",
  "tolerance": 0.0001,
  "max_abs_err": 6.103515625e-05,
  "mean_abs_err": 4.18367562815547e-11,
  "ref_latency_ms": {
    "avg": 4.785931158065796,
    "min": 4.35807991027832,
    "max": 5.009984016418457
  },
  "test_latency_ms": {
    "avg": 849.5642883300782,
    "min": 845.4430541992188,
    "max": 852.4668579101562
  },
  "num_runs": 20,
  "score": 0.005633394934093951
}