{
  "timestamp": "2025-08-02T01:49:08",
  "reference_file": "KernelBench/level1/19_ReLU.py",
  "candidate_file": "/home/wan00559/cuda_mind_evolution/runs/20250801_234028/kernels/kernel_20250802_014239.py",
  "tolerance": 0.0001,
  "max_abs_err": 0.0,
  "mean_abs_err": 0.0,
  "ref_latency_ms": {
    "avg": 12.020097589492797,
    "min": 12.006208419799805,
    "max": 12.030431747436523
  },
  "test_latency_ms": {
    "avg": 11.829721689224243,
    "min": 11.82096004486084,
    "max": 11.841535568237305
  },
  "num_runs": 20,
  "score": 1.0160930159871782
}