{
  "timestamp": "2025-08-02T01:23:30",
  "reference_file": "KernelBench/level1/19_ReLU.py",
  "candidate_file": "/home/wan00559/cuda_mind_evolution/runs/20250801_234028/kernels/kernel_20250802_010818.py",
  "tolerance": 0.0001,
  "max_abs_err": 0.0,
  "mean_abs_err": 0.0,
  "ref_latency_ms": {
    "avg": 12.029878377914429,
    "min": 12.017663955688477,
    "max": 12.040255546569824
  },
  "test_latency_ms": {
    "avg": 11.82492642402649,
    "min": 11.817760467529297,
    "max": 11.831711769104004
  },
  "num_runs": 20,
  "score": 1.0173321969658524
}