{
  "timestamp": "2025-08-02T03:06:18",
  "reference_file": "KernelBench/level1/19_ReLU.py",
  "candidate_file": "/home/wan00559/cuda_mind_evolution/runs/20250801_234028/kernels/kernel_20250802_023948.py",
  "tolerance": 0.0001,
  "max_abs_err": 0.0,
  "mean_abs_err": 0.0,
  "ref_latency_ms": {
    "avg": 12.024982452392578,
    "min": 12.004768371582031,
    "max": 12.043968200683594
  },
  "test_latency_ms": {
    "avg": 11.831556797027588,
    "min": 11.825311660766602,
    "max": 11.841440200805664
  },
  "num_runs": 20,
  "score": 1.0163482843959795
}