{
  "timestamp": "2025-08-02T01:27:01",
  "reference_file": "KernelBench/level1/19_ReLU.py",
  "candidate_file": "/home/wan00559/cuda_mind_evolution/runs/20250801_234028/kernels/kernel_20250802_012221.py",
  "tolerance": 0.0001,
  "max_abs_err": 0.0,
  "mean_abs_err": 0.0,
  "ref_latency_ms": {
    "avg": 12.02326717376709,
    "min": 12.009471893310547,
    "max": 12.040191650390625
  },
  "test_latency_ms": {
    "avg": 13.584140825271607,
    "min": 13.577312469482422,
    "max": 13.596672058105469
  },
  "num_runs": 20,
  "score": 0.8850958870655474
}