{
  "timestamp": "2025-08-02T01:47:58",
  "reference_file": "KernelBench/level1/19_ReLU.py",
  "candidate_file": "/home/wan00559/cuda_mind_evolution/runs/20250801_234028/kernels/kernel_20250802_013704.py",
  "tolerance": 0.0001,
  "max_abs_err": 0.0,
  "mean_abs_err": 0.0,
  "ref_latency_ms": {
    "avg": 12.0255295753479,
    "min": 12.007807731628418,
    "max": 12.045951843261719
  },
  "test_latency_ms": {
    "avg": 11.831635189056396,
    "min": 11.82483196258545,
    "max": 11.840928077697754
  },
  "num_runs": 20,
  "score": 1.0163877928277272
}