{
  "timestamp": "2025-08-02T01:46:48",
  "reference_file": "KernelBench/level1/19_ReLU.py",
  "candidate_file": "/home/wan00559/cuda_mind_evolution/runs/20250801_234028/kernels/kernel_20250802_013115.py",
  "tolerance": 0.0001,
  "max_abs_err": 0.0,
  "mean_abs_err": 0.0,
  "ref_latency_ms": {
    "avg": 12.024046468734742,
    "min": 12.003328323364258,
    "max": 12.050432205200195
  },
  "test_latency_ms": {
    "avg": 11.830675268173218,
    "min": 11.821056365966797,
    "max": 11.843584060668945
  },
  "num_runs": 20,
  "score": 1.0163448996932347
}