{
  "timestamp": "2025-08-02T00:54:36",
  "reference_file": "KernelBench/level1/19_ReLU.py",
  "candidate_file": "/home/wan00559/cuda_mind_evolution/runs/20250801_234028/kernels/kernel_20250802_003326.py",
  "tolerance": 0.0001,
  "max_abs_err": 0.0,
  "mean_abs_err": 0.0,
  "ref_latency_ms": {
    "avg": 12.022468852996827,
    "min": 11.999232292175293,
    "max": 12.040191650390625
  },
  "test_latency_ms": {
    "avg": 12.010260820388794,
    "min": 11.958271980285645,
    "max": 12.07091236114502
  },
  "num_runs": 20,
  "score": 1.0010164669019768
}