{
  "timestamp": "2025-08-02T01:50:19",
  "reference_file": "KernelBench/level1/19_ReLU.py",
  "candidate_file": "/home/wan00559/cuda_mind_evolution/runs/20250801_234028/kernels/kernel_20250802_014538.py",
  "tolerance": 0.0001,
  "max_abs_err": 0.0,
  "mean_abs_err": 0.0,
  "ref_latency_ms": {
    "avg": 12.020827102661134,
    "min": 12.005279541015625,
    "max": 12.035231590270996
  },
  "test_latency_ms": {
    "avg": 11.83186092376709,
    "min": 11.823807716369629,
    "max": 11.841504096984863
  },
  "num_runs": 20,
  "score": 1.015970960114521
}