{
  "timestamp": "2025-08-04T13:33:06",
  "reference_file": "KernelBench/level1/8_Matmul_with_irregular_shapes_.py",
  "candidate_file": "/home/wan00559/cuda_mind_evolution/runs/20250804_114335/kernels/kernel_20250804_133158.py",
  "tolerance": 0.0001,
  "max_abs_err": 0.0,
  "mean_abs_err": 0.0,
  "ref_latency_ms": {
    "avg": 4.782939195632935,
    "min": 4.415487766265869,
    "max": 5.007808208465576
  },
  "test_latency_ms": {
    "avg": 206.33226318359374,
    "min": 206.31141662597656,
    "max": 206.38925170898438
  },
  "num_runs": 20,
  "score": 0.02318076253240673
}